"Code département";"Libellé département";"Code secteur";"Libellé secteur";"Inscrits";"Votants";"% Votants";"Abstentions";"% Abstentions";"Exprimés";"% Exprimés/inscrits";"% Exprimés/votants";"Blancs";"% Blancs/inscrits";"% Blancs/votants";"Nuls";"% Nuls/inscrits";"% Nuls/votants";"Numéro de panneau 1";"Nom candidat 1";"Prénom candidat 1";"Sexe candidat 1";"Nuance liste 1";"Libellé abrégé de liste 1";"Libellé de liste 1";"Voix 1";"% Voix/inscrits 1";"% Voix/exprimés 1";"Elu 1";"Sièges 1";"Numéro de panneau 2";"Nom candidat 2";"Prénom candidat 2";"Sexe candidat 2";"Nuance liste 2";"Libellé abrégé de liste 2";"Libellé de liste 2";"Voix 2";"% Voix/inscrits 2";"% Voix/exprimés 2";"Elu 2";"Sièges 2";"Numéro de panneau 3";"Nom candidat 3";"Prénom candidat 3";"Sexe candidat 3";"Nuance liste 3";"Libellé abrégé de liste 3";"Libellé de liste 3";"Voix 3";"% Voix/inscrits 3";"% Voix/exprimés 3";"Elu 3";"Sièges 3";"Numéro de panneau 4";"Nom candidat 4";"Prénom candidat 4";"Sexe candidat 4";"Nuance liste 4";"Libellé abrégé de liste 4";"Libellé de liste 4";"Voix 4";"% Voix/inscrits 4";"% Voix/exprimés 4";"Elu 4";"Sièges 4";"Numéro de panneau 5";"Nom candidat 5";"Prénom candidat 5";"Sexe candidat 5";"Nuance liste 5";"Libellé abrégé de liste 5";"Libellé de liste 5";"Voix 5";"% Voix/inscrits 5";"% Voix/exprimés 5";"Elu 5";"Sièges 5";"Numéro de panneau 6";"Nom candidat 6";"Prénom candidat 6";"Sexe candidat 6";"Nuance liste 6";"Libellé abrégé de liste 6";"Libellé de liste 6";"Voix 6";"% Voix/inscrits 6";"% Voix/exprimés 6";"Elu 6";"Sièges 6";"Numéro de panneau 7";"Nom candidat 7";"Prénom candidat 7";"Sexe candidat 7";"Nuance liste 7";"Libellé abrégé de liste 7";"Libellé de liste 7";"Voix 7";"% Voix/inscrits 7";"% Voix/exprimés 7";"Elu 7";"Sièges 7";"Numéro de panneau 8";"Nom candidat 8";"Prénom candidat 8";"Sexe candidat 8";"Nuance liste 8";"Libellé abrégé de liste 8";"Libellé de liste 8";"Voix 8";"% Voix/inscrits 8";"% Voix/exprimés 8";"Elu 8";"Sièges 8";"Numéro de panneau 9";"Nom candidat 9";"Prénom candidat 9";"Sexe candidat 9";"Nuance liste 9";"Libellé abrégé de liste 9";"Libellé de liste 9";"Voix 9";"% Voix/inscrits 9";"% Voix/exprimés 9";"Elu 9";"Sièges 9";"Numéro de panneau 10";"Nom candidat 10";"Prénom candidat 10";"Sexe candidat 10";"Nuance liste 10";"Libellé abrégé de liste 10";"Libellé de liste 10";"Voix 10";"% Voix/inscrits 10";"% Voix/exprimés 10";"Elu 10";"Sièges 10";"Numéro de panneau 11";"Nom candidat 11";"Prénom candidat 11";"Sexe candidat 11";"Nuance liste 11";"Libellé abrégé de liste 11";"Libellé de liste 11";"Voix 11";"% Voix/inscrits 11";"% Voix/exprimés 11";"Elu 11";"Sièges 11"
"13";"Bouches-du-Rhône";"13055SR01";"Marseille Secteur 1";50000;28931;"57,86%";21069;"42,14%";28478;"56,96%";"98,43%";267;"0,53%";"0,92%";186;"0,37%";"0,64%";1;;;;"LFI";"FIERE ET POPULAIRE";"MARSEILLE FIERE ET POPULAIRE AVEC SEBASTIEN DELOGU 1e ET 7e ARRONDISSEMENTS";5305;"10,61%";"18,63%";;0;2;;;;"LUG";"la gauche, les écologistes et les citoyens rassemblés";"Pour Marseille, le 1er et 7e arrondissement, la gauche, les écologistes et les citoyens rassemblés";12319;"24,64%";"43,26%";;0;3;;;;"LRN";"MARSEILLE EN ORDRE 1er & 7ème";"MARSEILLE EN ORDRE 1er & 7ème";6166;"12,33%";"21,65%";;0;4;;;;"LDVD";"MARSEILLE JE T'AIME";"MARSEILLE JE T'AIME 1/7 AVEC ROMAIN SIMMARANO";3963;"7,93%";"13,92%";;0;5;;;;"LDVC";"Marseille pour tous";"Marseille pour tous";725;"1,45%";"2,55%";;0;;;;;;;;;;;;;;;;;;;;;;;;;;;;;;;;;;;;;;;;;;;;;;;;;;;;;;;;;;;;;;;;;;;;;;;;
"13";"Bouches-du-Rhône";"13055SR02";"Marseille Secteur 2";37510;15097;"40,25%";22413;"59,75%";14796;"39,45%";"98,01%";162;"0,43%";"1,07%";139;"0,37%";"0,92%";1;;;;"LEXG";"LUTTE OUVRIERE";"LUTTE OUVRIERE - LE CAMPS DES TRAVAILLEURS";185;"0,49%";"1,25%";;0;2;;;;"LRN";"MARSEILLE EN ORDRE";"MARSEILLE EN ORDRE 2EME ET 3EME";2720;"7,25%";"18,38%";;0;3;;;;"LFI";"Marseille fière et populaire avec Sébastien Delogu";"Marseille fière et populaire avec Sébastien Delogu, 2e et 3e arrondissement";4088;"10,90%";"27,63%";;0;4;;;;"LEXG";"NPA Révolutionnaires";"NPA Révolutionnaires - Marseille, ouvrière et révolutionnaire";254;"0,68%";"1,72%";;0;5;;;;"LUG";"Pour Marseille";"Pour Marseille, 2e et 3e arrondissements, la gauche, les écologistes et les citoyens rassemblés";5852;"15,60%";"39,55%";;0;6;;;;"LDVG";"Marseille citoyenne";"Marseille citoyenne";146;"0,39%";"0,99%";;0;7;;;;"LDVC";"MARSEILLE POUR TOUS";"MARSEILLE POUR TOUS";561;"1,50%";"3,79%";;0;8;;;;"LDVD";"Marseille je t'aime 2e et 3e (2ème secteur)";"Marseille je t'aime 2e et 3e (2ème secteur) avec Solange Biaggi";990;"2,64%";"6,69%";;0;;;;;;;;;;;;;;;;;;;;;;;;;;;;;;;;;;;;
"13";"Bouches-du-Rhône";"13055SR03";"Marseille Secteur 3";61704;35538;"57,59%";26166;"42,41%";34924;"56,60%";"98,27%";337;"0,55%";"0,95%";277;"0,45%";"0,78%";1;;;;"LFI";"Marseille fière et populaire avec Sébastien Delogu";"Marseille fière et populaire avec Sébastien Delogu, 4e et 5e arrondissements";5813;"9,42%";"16,64%";;0;2;;;;"LRN";"MARSEILLE EN ORDRE";"MARSEILLE EN ORDRE 4ÈME & 5ÈME";7049;"11,42%";"20,18%";;0;3;;;;"LUG";"4 ET 5 LA GAUCHE RASSEMBLES";"POUR MARSEILLE, 4E ET 5E, LA GAUCHE, LES ECOLOGISTES ET LES CITOYENS RASSEMBLES";13597;"22,04%";"38,93%";;0;4;;;;"LDVD";"Marseille je t'aime 4/5";"Marseille je t'aime 4/5 avec Bruno GILLES";5901;"9,56%";"16,90%";;0;5;;;;"LEXG";"REPRENDRE MARSEILLE";"REPRENDRE MARSEILLE AUX RICHES";2564;"4,16%";"7,34%";;0;;;;;;;;;;;;;;;;;;;;;;;;;;;;;;;;;;;;;;;;;;;;;;;;;;;;;;;;;;;;;;;;;;;;;;;;
"13";"Bouches-du-Rhône";"13055SR04";"Marseille Secteur 4";89776;53491;"59,58%";36285;"40,42%";52540;"58,52%";"98,22%";530;"0,59%";"0,99%";421;"0,47%";"0,79%";1;;;;"LFI";"FIERE ET POPULAIRE";"MARSEILLE FIERE ET POPULAIRE AVEC SEBASTIEN DELOGU, 6E ET 8E ARRONDISSEMENTS";5071;"5,65%";"9,65%";;0;2;;;;"LDVD";"MARSEILLE POUR TOUS";"MARSEILLE POUR TOUS";546;"0,61%";"1,04%";;0;3;;;;"LUG";"Pour Marseille";"Pour Marseille, 6e et 8e arrondissements, la gauche, les écologistes et les citoyens rassemblés";19234;"21,42%";"36,61%";;0;4;;;;"LDVD";"je t'aime 6e et 8e";"Marseille je t'aime 6e et 8e avec Catherine Pila";9261;"10,32%";"17,63%";;0;5;;;;"LUDR";"MARSEILLE EN ORDRE 6ème et 8ème";"MARSEILLE EN ORDRE 6ème et 8ème";16909;"18,83%";"32,18%";;0;6;;;;"LECO";"Marseille Ecologie";"Marseille Ecologie";1519;"1,69%";"2,89%";;0;;;;;;;;;;;;;;;;;;;;;;;;;;;;;;;;;;;;;;;;;;;;;;;;;;;;;;;;;;;;
"13";"Bouches-du-Rhône";"13055SR05";"Marseille Secteur 5";87809;46154;"52,56%";41655;"47,44%";45076;"51,33%";"97,66%";593;"0,68%";"1,28%";485;"0,55%";"1,05%";1;;;;"LRN";"EN ORDRE 9ème & 10ème";"MARSEILLE EN ORDRE 9ème & 10ème";20229;"23,04%";"44,88%";;0;2;;;;"LDVD";"MARSEILLE JE T'AIME 9-10";"MARSEILLE JE T'AIME 9-10 AVEC LAURE-AGNES CARADEC";7423;"8,45%";"16,47%";;0;3;;;;"LDVD";"MARSEILLE POUR TOUS";"MARSEILLE POUR TOUS";799;"0,91%";"1,77%";;0;4;;;;"LUG";"POUR MARSEILLE, 9E ET 10E";"POUR MARSEILLE, 9E ET 10E ARRONDISSEMENTS, LA GAUCHE, LES ÉCOLOGISTES ET LES CITOYENS RASSEMBLÉS";12970;"14,77%";"28,77%";;0;5;;;;"LFI";"MARSEILLE FIERE ET POPULAIRE";"MARSEILLE FIERE ET POPULAIRE AVEC SEBASTIEN DELOGU 9E ET 10E ARRONDISSEMENT";3655;"4,16%";"8,11%";;0;;;;;;;;;;;;;;;;;;;;;;;;;;;;;;;;;;;;;;;;;;;;;;;;;;;;;;;;;;;;;;;;;;;;;;;;
"13";"Bouches-du-Rhône";"13055SR06";"Marseille Secteur 6";85930;47614;"55,41%";38316;"44,59%";46565;"54,19%";"97,80%";569;"0,66%";"1,20%";480;"0,56%";"1,01%";1;;;;"LUG";"POUR MARSEILLE";"POUR MARSEILLE, 11e ET12e ARRONDISSEMENTS, la gauche,les ecologistes et les citoyens rassemblés";12422;"14,46%";"26,68%";;0;2;;;;"LRN";"Marseille en ordre";"MARSEILLE EN ORDRE 11ème & 12ème";20403;"23,74%";"43,82%";;0;3;;;;"LFI";"POPULAIRE ET FIERE";"MARSEILLE FI7RE ET POPULAIRE AVEC SEBASTIEN DELOGU 11e ET 12e ARRONDISSEMENTS";2809;"3,27%";"6,03%";;0;4;;;;"LDVD";"MARSEILLE JE T'AIME";"MARSEILLE JE T'AIME 11-12 AVEC SYLVAIN SOUVESTRE";10931;"12,72%";"23,47%";;0;;;;;;;;;;;;;;;;;;;;;;;;;;;;;;;;;;;;;;;;;;;;;;;;;;;;;;;;;;;;;;;;;;;;;;;;;;;;;;;;;;;;
"13";"Bouches-du-Rhône";"13055SR07";"Marseille Secteur 7";91234;40663;"44,57%";50571;"55,43%";39668;"43,48%";"97,55%";492;"0,54%";"1,21%";503;"0,55%";"1,24%";1;;;;"LDVC";"POUR TOUS";"MARSEILLE POUR TOUS";2232;"2,45%";"5,63%";;0;2;;;;"LDVD";"MARSEILLE JE T'AIME13 ET 14";"MARSEILLE JE T'AIME 13 ET 14 AVEC MARION BAREILLE";4816;"5,28%";"12,14%";;0;3;;;;"LEXG";"LUTTE OUVRIERE";"LUTTE OUVRIERE - LE CAMP DES TRAVAILLEURS";399;"0,44%";"1,01%";;0;4;;;;"LFI";"MARSEILLE FIÈRE";"MARSEILLE FIÈRE ET POPULAIRE AVEC SEBASTIEN DELOGU? 13E ET 14E ARRONDISSEMENTS";5197;"5,70%";"13,10%";;0;5;;;;"LRN";"MARSEILLE EN ORDRE";"MARSEILLE EN ORDRE 13EME & 14EME";15783;"17,30%";"39,79%";;0;6;;;;"LUG";"POUR MARSEILLE, 13E ET 14E";"POUR MARSEILLE, 13E ET 14E ARRONDISSEMENTS, LA GAUCHE, LES ECOLOGISTES ET LES CITOYENS RASSEMBLÉS";10483;"11,49%";"26,43%";;0;7;;;;"LDVG";"AMBITION CITOYENNE";"AMBITION CITOYENNE";758;"0,83%";"1,91%";;0;;;;;;;;;;;;;;;;;;;;;;;;;;;;;;;;;;;;;;;;;;;;;;;;
"13";"Bouches-du-Rhône";"13055SR08";"Marseille Secteur 8";51436;19841;"38,57%";31595;"61,43%";19304;"37,53%";"97,29%";263;"0,51%";"1,33%";274;"0,53%";"1,38%";1;;;;"LUG";"15 ET 16 LA GAUCHE RASSEMBLES";"POUR MARSEILLE 15E ET 16E ARRONDISSEMENTS, LA GAUCHE, LES ECOLOGISTES ET LES CITOYENS RASSEMBLES";7135;"13,87%";"36,96%";;0;2;;;;"LDVD";"MARSEILLE JE T'AIME 15/16";"MARSEILLE JE T'AIME 15/16 AVEC GERARD BLANC";1015;"1,97%";"5,26%";;0;3;;;;"LEXG";"Lutte ouvrière";"Lutte ouvrière - le camp des travailleurs";396;"0,77%";"2,05%";;0;4;;;;"LRN";"EN ORDRE 15EME &16EME";"MARSEILLE EN ORDRE 15EME& 16EME";5641;"10,97%";"29,22%";;0;5;;;;"LFI";"MARSEILLE FIÈRE";"MARSEILLE FIÈRE ET POPULAIRE AVEC SÉBASTIEN DELOGU, 15E ET 16E ARRONDISSEMENTS";4595;"8,93%";"23,80%";;0;6;;;;"LDVC";"MARSEILLE POUR TOUS";"MARSEILLE POUR TOUS";522;"1,01%";"2,70%";;0;;;;;;;;;;;;;;;;;;;;;;;;;;;;;;;;;;;;;;;;;;;;;;;;;;;;;;;;;;;;
"69";"Rhône";"69123SR01";"Lyon 1er secteur";19959;13807;"69,18%";6152;"30,82%";13593;"68,10%";"98,45%";130;"0,65%";"0,94%";84;"0,42%";"0,61%";1;;;;"LEXG";"Lutte ouvrière - Le camp des travailleurs";"Lutte ouvrière - Le camp des travailleurs";176;"0,88%";"1,29%";;0;2;;;;"LUG";"Pour vivre Lyon, l'union de la gauche et des écologistes avec Yasmine Bouâgga";"Pour vivre Lyon, l'union de la gauche et des écologistes avec Yasmine Bouâgga";6744;"33,79%";"49,61%";;0;3;;;;"LUXD";"Retrouver Lyon 1";"Retrouver Lyon 1";543;"2,72%";"3,99%";;0;4;;;;"LDVC";"Coeur Lyonnais";"Coeur Lyonnais";3364;"16,85%";"24,75%";;0;5;;;;"LDVG";"Lyon 1er avec vous !";"Lyon 1er avec vous !";788;"3,95%";"5,80%";;0;6;;;;"LFI";"Faire Mieux Pour Lyon 1er - La France Insoumise";"Faire Mieux Pour Lyon 1er - La France Insoumise";1978;"9,91%";"14,55%";;0;;;;;;;;;;;;;;;;;;;;;;;;;;;;;;;;;;;;;;;;;;;;;;;;;;;;;;;;;;;;
"69";"Rhône";"69123SR02";"Lyon 2eme secteur";21395;14763;"69,00%";6632;"31,00%";14515;"67,84%";"98,32%";140;"0,65%";"0,95%";108;"0,50%";"0,73%";1;;;;"LDVD";"Coeur lyonnais";"Coeur lyonnais";7196;"33,63%";"49,58%";;0;2;;;;"LFI";"Faire mieux pour Lyon 2eme - La France Insoumise";"Faire mieux pour Lyon 2eme - La France Insoumise";1349;"6,31%";"9,29%";;0;3;;;;"LUG";"Pour Vivre Lyon 2e L'Union de la Gauche et des Ecologistes avec Valentin Lungenstrass";"Pour Vivre Lyon 2e L'Union de la Gauche et des Ecologistes avec Valentin Lungenstrass";4623;"21,61%";"31,85%";;0;4;;;;"LEXD";"Spartacus - France alliance citoyenne et souveraine";"Spartacus - France alliance citoyenne et souveraine";121;"0,57%";"0,83%";;0;5;;;;"LUDR";"RETROUVER LYON 2";"RETROUVER LYON 2";1226;"5,73%";"8,45%";;0;;;;;;;;;;;;;;;;;;;;;;;;;;;;;;;;;;;;;;;;;;;;;;;;;;;;;;;;;;;;;;;;;;;;;;;;
"69";"Rhône";"69123SR03";"Lyon 3eme secteur";61907;41538;"67,10%";20369;"32,90%";40898;"66,06%";"98,46%";320;"0,52%";"0,77%";320;"0,52%";"0,77%";1;;;;"LFI";"Faire Mieux Pour Lyon 3 - La France insoumise";"Faire Mieux Pour Lyon 3 - La France insoumise";4770;"7,71%";"11,66%";;0;2;;;;"LEXG";"Lutte Ouvrière - le camp des travailleurs";"Lutte Ouvrière - le camp des travailleurs";400;"0,65%";"0,98%";;0;3;;;;"LUG";"Pour vivre Lyon 3e, union de la gauche et des écologistes avec Marion SESSIECQ";"Pour vivre Lyon 3e, union de la gauche et des écologistes avec Marion SESSIECQ";15687;"25,34%";"38,36%";;0;4;;;;"LDVG";"LYON 3 AVEC VOUS";"LYON 3 AVEC VOUS";2000;"3,23%";"4,89%";;0;5;;;;"LDVD";"Coeur Lyonnais";"Coeur Lyonnais";14372;"23,22%";"35,14%";;0;6;;;;"LUXD";"Retrouver Lyon 3";"Retrouver Lyon 3";3669;"5,93%";"8,97%";;0;;;;;;;;;;;;;;;;;;;;;;;;;;;;;;;;;;;;;;;;;;;;;;;;;;;;;;;;;;;;
"69";"Rhône";"69123SR04";"Lyon 4eme secteur";26783;18540;"69,22%";8243;"30,78%";18231;"68,07%";"98,33%";130;"0,49%";"0,70%";179;"0,67%";"0,97%";1;;;;"LEXG";"Lutte ouvrière - Le camp des travailleurs";"Lutte ouvrière - Le camp des travailleurs";216;"0,81%";"1,18%";;0;2;;;;"LFI";"FAIRE MIEUX POUR LYON 4 - LA FRANCE INSOUMISE";"FAIRE MIEUX POUR LYON 4 - LA FRANCE INSOUMISE";2089;"7,80%";"11,46%";;0;3;;;;"LUG";"Pour vivre Lyon 4ème, l'union de la gauche et des écologistes avec Rémi Zinck";"Pour vivre Lyon 4ème, l'union de la gauche et des écologistes avec Rémi Zinck";6641;"24,80%";"36,43%";;0;4;;;;"LDVC";"Coeur Lyonnais";"Coeur Lyonnais";5908;"22,06%";"32,41%";;0;5;;;;"LRN";"RETROUVER LYON 4";"RETROUVER LYON 4";1013;"3,78%";"5,56%";;0;6;;;;"LDVG";"Lyon 4e avec vous !";"Lyon 4e avec vous !";1695;"6,33%";"9,30%";;0;7;;;;"LDVG";"X-Rousse";"X-Rousse";669;"2,50%";"3,67%";;0;;;;;;;;;;;;;;;;;;;;;;;;;;;;;;;;;;;;;;;;;;;;;;;;
"69";"Rhône";"69123SR05";"Lyon 5eme secteur";30843;19964;"64,73%";10879;"35,27%";19649;"63,71%";"98,42%";167;"0,54%";"0,84%";148;"0,48%";"0,74%";1;;;;"LRN";"RETROUVER LYON 5";"RETROUVER LYON 5";1874;"6,08%";"9,54%";;1;2;;;;"LEXG";"Lutte Ouvrière - Le camp des travailleurs";"Lutte Ouvrière - Le camp des travailleurs";231;"0,75%";"1,18%";;0;3;;;;"LFI";"FAIRE MIEUX POUR LYON 5EME - LA FRANCE INSOUMISE";"FAIRE MIEUX POUR LYON 5EME - LA FRANCE INSOUMISE";1688;"5,47%";"8,59%";;1;4;;;;"LUG";"Pour vivre Lyon 5ème - L'Union de la gauche et des écologistes avec Nadine Georgel";"Pour vivre Lyon 5ème - L'Union de la gauche et des écologistes avec Nadine Georgel";5956;"19,31%";"30,31%";;3;5;;;;"LDVC";"Coeur Lyonnais";"Coeur Lyonnais";9900;"32,10%";"50,38%";;15;;;;;;;;;;;;;;;;;;;;;;;;;;;;;;;;;;;;;;;;;;;;;;;;;;;;;;;;;;;;;;;;;;;;;;;;
"69";"Rhône";"69123SR06";"Lyon 6eme secteur";34305;24220;"70,60%";10085;"29,40%";23775;"69,30%";"98,16%";223;"0,65%";"0,92%";222;"0,65%";"0,92%";1;;;;"LDVD";"Coeur Lyonnais";"Coeur Lyonnais";12243;"35,69%";"51,50%";;18;2;;;;"LFI";"Faire mieux pour Lyon 6e - La France Insoumise";"Faire mieux pour Lyon 6e - La France Insoumise";1691;"4,93%";"7,11%";;0;3;;;;"LUDR";"Retrouver Lyon 6";"Retrouver Lyon 6";2381;"6,94%";"10,01%";;1;4;;;;"LEXD";"Spartacus-France Alliance citoyenne et souveraine";"Spartacus-France Alliance citoyenne et souveraine";594;"1,73%";"2,50%";;0;5;;;;"LUG";"Pour vivre Lyon 6e l'union de la gauche et des écologistes avec Rémy Cadoret";"Pour vivre Lyon 6e l'union de la gauche et des écologistes avec Rémy Cadoret";6866;"20,01%";"28,88%";;3;;;;;;;;;;;;;;;;;;;;;;;;;;;;;;;;;;;;;;;;;;;;;;;;;;;;;;;;;;;;;;;;;;;;;;;;
"69";"Rhône";"69123SR07";"Lyon 7eme secteur";50599;33211;"65,64%";17388;"34,36%";32687;"64,60%";"98,42%";228;"0,45%";"0,69%";296;"0,58%";"0,89%";1;;;;"LEXG";"lutte ouvrière le camp des travailleurs";"lutte ouvrière le camp des travailleurs";412;"0,81%";"1,26%";;0;2;;;;"LDVC";"Coeur lyonnais";"Coeur lyonnais";8635;"17,07%";"26,42%";;0;3;;;;"LDVG";"Lyon 7ème avec vous !";"Lyon 7ème avec vous !";1764;"3,49%";"5,40%";;0;4;;;;"LUG";"Pour vivre Lyon 7ème, l'union de la gauche et des écologistes avec Fanny Dubot";"Pour vivre Lyon 7ème, l'union de la gauche et des écologistes avec Fanny Dubot";13703;"27,08%";"41,92%";;0;5;;;;"LFI";"Faire mieux pour Lyon 7 - La France Insoumise";"Faire mieux pour Lyon 7 - La France Insoumise";5789;"11,44%";"17,71%";;0;6;;;;"LRN";"RETROUVER LYON 7";"RETROUVER LYON 7";2384;"4,71%";"7,29%";;0;;;;;;;;;;;;;;;;;;;;;;;;;;;;;;;;;;;;;;;;;;;;;;;;;;;;;;;;;;;;
"69";"Rhône";"69123SR08";"Lyon 8eme secteur";45712;25726;"56,28%";19986;"43,72%";25258;"55,25%";"98,18%";222;"0,49%";"0,86%";246;"0,54%";"0,96%";1;;;;"LUG";"Pour Vivre Lyon 8 L'Union de la gauche et des écologistes avec Olivier Berzane";"Pour Vivre Lyon 8 L'Union de la gauche et des écologistes avec Olivier Berzane";8401;"18,38%";"33,26%";;0;2;;;;"LEXG";"NPA REVOLUTIONNAIRES - LYON 8eme OUVRIERE ET REVOLUTIONNAIRE";"NPA REVOLUTIONNAIRES - LYON 8eme OUVRIERE ET REVOLUTIONNAIRE";299;"0,65%";"1,18%";;0;3;;;;"LDVG";"LYON 8 AVEC VOUS !";"LYON 8 AVEC VOUS !";1123;"2,46%";"4,45%";;0;4;;;;"LDVC";"Cœur Lyonnais";"Cœur Lyonnais";8380;"18,33%";"33,18%";;0;5;;;;"LFI";"FAIRE MIEUX POUR LYON 8 - LA FRANCE INSOUMISE";"FAIRE MIEUX POUR LYON 8 - LA FRANCE INSOUMISE";3802;"8,32%";"15,05%";;0;6;;;;"LUXD";"Retrouver Lyon 8";"Retrouver Lyon 8";3011;"6,59%";"11,92%";;0;7;;;;"LEXG";"Lutte ouvrière-Le camp des travailleurs";"Lutte ouvrière-Le camp des travailleurs";242;"0,53%";"0,96%";;0;;;;;;;;;;;;;;;;;;;;;;;;;;;;;;;;;;;;;;;;;;;;;;;;
"69";"Rhône";"69123SR09";"Lyon 9eme secteur";29481;17066;"57,89%";12415;"42,11%";16805;"57,00%";"98,47%";137;"0,46%";"0,80%";124;"0,42%";"0,73%";1;;;;"LRN";"RETROUVER LYON 9";"RETROUVER LYON 9";1839;"6,24%";"10,94%";;0;2;;;;"LDVC";"Coeur lyonnais";"Coeur lyonnais";5164;"17,52%";"30,73%";;0;3;;;;"LUG";"Pour vivre Lyon 9ème, l'union de la Gauche et des Ecologistes avec Emmanuel Giraud";"Pour vivre Lyon 9ème, l'union de la Gauche et des Ecologistes avec Emmanuel Giraud";5485;"18,61%";"32,64%";;0;4;;;;"LFI";"FAIRE MIEUX POUR LYON 9- LA FRANCE INSOUMISE";"FAIRE MIEUX POUR LYON 9- LA FRANCE INSOUMISE";2458;"8,34%";"14,63%";;0;5;;;;"LDVC";"Avec Grégory DAYME la liste citoyenne du 9e";"Avec Grégory DAYME la liste citoyenne du 9e";859;"2,91%";"5,11%";;0;6;;;;"LDVG";"LYON 9 AVEC VOUS !";"LYON 9 AVEC VOUS !";793;"2,69%";"4,72%";;0;7;;;;"LEXG";"Lutte ouvrière - Le camp des travailleurs";"Lutte ouvrière - Le camp des travailleurs";207;"0,70%";"1,23%";;0;;;;;;;;;;;;;;;;;;;;;;;;;;;;;;;;;;;;;;;;;;;;;;;;
"75";"Paris";"75056SR01";"Paris 1er secteur";68143;41732;"61,24%";26411;"38,76%";41288;"60,59%";"98,94%";274;"0,40%";"0,66%";170;"0,25%";"0,41%";1;;;;"LFI";"LNPPC";"LE NOUVEAU PARIS POPULAIRE CENTRE";4583;"6,73%";"11,10%";;0;2;;;;"LUC";"P1AP";"PARIS CENTRE APAISÉ AVEC MARTINE FIGUÉROA";4687;"6,88%";"11,35%";;0;3;;;;"LUG";"LParisCentreEAV";"Paris Centre est à vous ! Avec Ariel Weil et Emmanuel Grégoire L'union de la gauche et des écologistes";17647;"25,90%";"42,74%";;0;4;;;;"LUXD";"RPC";"Retrouvons Paris Centre";858;"1,26%";"2,08%";;0;5;;;;"LEXG";"LO1";"Lutte ouvrière - le camp des travailleurs";422;"0,62%";"1,02%";;0;6;;;;"LUD";"CPC";"Changer Paris Centre avec Aurélien Véron et Rachida Dati";9652;"14,16%";"23,38%";;0;7;;;;"LEXD";"SKPPUVH";"Sarah Knafo pour Paris - Une ville heureuse";3439;"5,05%";"8,33%";;0;;;;;;;;;;;;;;;;;;;;;;;;;;;;;;;;;;;;;;;;;;;;;;;;
"75";"Paris";"75056SR05";"Paris 5eme secteur";39527;25830;"65,35%";13697;"34,65%";25581;"64,72%";"99,04%";145;"0,37%";"0,56%";104;"0,26%";"0,40%";1;;;;"LUD";"L5CP5";"Changer Paris 5 avec Anne Biraben et Rachida Dati";2792;"7,06%";"10,91%";;0;2;;;;"LEXG";"LO5E";"Lutte ouvrière - Le camp des travailleurs";206;"0,52%";"0,81%";;0;3;;;;"LFI";"LNPP5E";"LE NOUVEAU PARIS POPULAIRE 5e";2469;"6,25%";"9,65%";;0;4;;;;"LUC";"5 UDC";"Liste d'union de la droite et du centre pour le 5ème";9220;"23,33%";"36,04%";;0;5;;;;"LEXD";"Une ville heureuse 5e";"Sarah Knafo pour Paris - une ville heureuse";1396;"3,53%";"5,46%";;0;6;;;;"LDVG";"Volt 5è";"Volt";85;"0,22%";"0,33%";;0;7;;;;"LDVG";"Equinoxe";"EQUINOXE - LE PARIS DE LA DEMOCRATIE";771;"1,95%";"3,01%";;0;8;;;;"LUG";"LE5EAV";"Le 5e est à vous ! avec Marine Rosset et Emmanuel Grégoire L'union de la gauche et des écologistes";8324;"21,06%";"32,54%";;0;9;;;;"LUXD";"RP5è";"Retrouvons Paris 5";318;"0,80%";"1,24%";;0;;;;;;;;;;;;;;;;;;;;;;;;
"75";"Paris";"75056SR06";"Paris 6eme secteur";27431;17275;"62,98%";10156;"37,02%";17123;"62,42%";"99,12%";92;"0,34%";"0,53%";60;"0,22%";"0,35%";1;;;;"LFI";"LNPP6";"LE NOUVEAU PARIS POPULAIRE 6e";987;"3,60%";"5,76%";;0;2;;;;"LEXD";"SK UVH 6e";"Sarah Knafo pour Paris - Une ville heureuse";1622;"5,91%";"9,47%";;0;3;;;;"LUC";"P6ALS";"Paris 6ème Apaisé avec Antoine Lesieur";2759;"10,06%";"16,11%";;0;4;;;;"LRN";"RP P6";"RETROUVONS PARIS 6";272;"0,99%";"1,59%";;0;5;;;;"LUD";"CP6";"Changer Paris - Pour le 6ème";7246;"26,42%";"42,32%";;0;6;;;;"LUG";"P6EAV";"Paris 6ème est à vous! Avec Céline Hervieu et Emmanuel Grégoire L'union de la gauche et des écologistes";4237;"15,45%";"24,74%";;0;;;;;;;;;;;;;;;;;;;;;;;;;;;;;;;;;;;;;;;;;;;;;;;;;;;;;;;;;;;;
"75";"Paris";"75056SR07";"Paris 7eme secteur";34354;21770;"63,37%";12584;"36,63%";21552;"62,74%";"99,00%";133;"0,39%";"0,61%";85;"0,25%";"0,39%";1;;;;"LEXD";"SK UVH 7e";"Sarah Knafo pour Paris - Une ville heureuse";2349;"6,84%";"10,90%";;0;2;;;;"LRN";"RP7";"RETROUVONS PARIS 7E";264;"0,77%";"1,22%";;0;3;;;;"LUC";"P7 Apaisé";"PARIS 7EME APAISÉ AVEC GRÉGORY LENTZ";2300;"6,69%";"10,67%";;0;4;;;;"LFI";"LNPP7";"LE NOUVEAU POPULAIRE 7eme";750;"2,18%";"3,48%";;0;5;;;;"LUD";"Changer Paris 7ème";"CHANGER PARIS - RACHIDA DATI POUR LE 7ème";12667;"36,87%";"58,77%";;10;6;;;;"LUG";"L7àv";"LE 7e EST À VOUS ! AVEC ANNE- FLORE ROUILLON ET EMMANUEL GRÉGOIRE. L'UNION DE LA GAUCHE ET DES ÉCOLOGISTES";3222;"9,38%";"14,95%";;1;;;;;;;;;;;;;;;;;;;;;;;;;;;;;;;;;;;;;;;;;;;;;;;;;;;;;;;;;;;;
"75";"Paris";"75056SR08";"Paris 8eme secteur";25895;15677;"60,54%";10218;"39,46%";15543;"60,02%";"99,15%";96;"0,37%";"0,61%";38;"0,15%";"0,24%";1;;;;"LUXD";"RP8e";"RETROUVONS PARIS 8E";274;"1,06%";"1,76%";;0;2;;;;"LEXD";"SK UVH 8e";"Sarah Knafo pour Paris - Une ville heureuse";2017;"7,79%";"12,98%";;0;3;;;;"LUG";"L8EAV";"Le 8è est à vous ! avec Théa Fourdrinier et Emmanuel Grégoire. L'union de la gauche et des écologistes";2331;"9,00%";"15,00%";;0;4;;;;"LUC";"P8 AP";"PARIS 8ÈME APAISÉ AVEC AGNES BRICARD";1485;"5,73%";"9,55%";;0;5;;;;"LFI";"LNPP 8";"LE NOUVEAU PARIS POPULAIRE 8e";767;"2,96%";"4,93%";;0;6;;;;"LUD";"CP8";"CHANGER PARIS - POUR LE 8e AVEC CATHERINE LÉCUYER - LISTE D'UNION DE LA DROITE ET DU CENTRE";6216;"24,00%";"39,99%";;0;7;;;;"LDVD";"8CNA";"LE 8E AU COEUR DE NOTRE ACTION";2453;"9,47%";"15,78%";;0;;;;;;;;;;;;;;;;;;;;;;;;;;;;;;;;;;;;;;;;;;;;;;;;
"75";"Paris";"75056SR09";"Paris 9eme secteur";41366;26440;"63,92%";14926;"36,08%";26194;"63,32%";"99,07%";151;"0,37%";"0,57%";95;"0,23%";"0,36%";1;;;;"LUD";"CP 9e";"Changer Paris avec Delphine BURKLI pour le 9e";11370;"27,49%";"43,41%";;0;2;;;;"LUG";"L9EAV";"Le 9e est à vous! Avec Camille Vizioz-Brami et Emmanuel Grégoire L'union de la gauche et des écologistes";7303;"17,65%";"27,88%";;0;3;;;;"LEXD";"UVH9";"Sarah Knafo pour Paris - Une ville heureuse";1779;"4,30%";"6,79%";;0;4;;;;"LEXG";"LO9E";"Lutte Ouvrière - Le camp des travailleurs";181;"0,44%";"0,69%";;0;5;;;;"LFI";"LeNPP9";"LE NOUVEAU PARIS POPULAIRE 9e";2264;"5,47%";"8,64%";;0;6;;;;"LDIV";"EHA 9e";"Ecologisme, Humanisme, Animalisme";377;"0,91%";"1,44%";;0;7;;;;"LUXD";"RP9E";"RETROUVONS PARIS 9E";339;"0,82%";"1,29%";;0;8;;;;"LUC";"P9EA";"PARIS 9E APAISE AVEC SEBASTIEN DULERMO";2581;"6,24%";"9,85%";;0;;;;;;;;;;;;;;;;;;;;;;;;;;;;;;;;;;;;
"75";"Paris";"75056SR10";"Paris 10eme secteur";58983;36221;"61,41%";22762;"38,59%";35839;"60,76%";"98,95%";222;"0,38%";"0,61%";160;"0,27%";"0,44%";1;;;;"LUC";"P10 AP AK";"Paris 10ème apaisé avec Abdoulaye Kanté";2898;"4,91%";"8,09%";;0;2;;;;"LUG";"EAV";"LE 10e EST À VOUS ! AVEC ALEXANDRA CORDEBARD ET EMMANUEL GRÉGOIRE L'UNION DE LA GAUCHE ET DES ECOLOGISTES";15334;"26,00%";"42,79%";;0;3;;;;"LFI";"NPP 10";"LE NOUVEAU PARIS POPULAIRE 10e";6712;"11,38%";"18,73%";;0;4;;;;"LUD";"10CP";"Changer Paris 10 avec Valentine Serino et Rachida Dati";3965;"6,72%";"11,06%";;0;5;;;;"LDVC";"TI BF 10";"Tous InDIXpensables, avec Bertil Fort";4049;"6,86%";"11,30%";;0;6;;;;"LEXG";"LO10E";"Lutte ouvrière - Le camp des travailleurs";493;"0,84%";"1,38%";;0;7;;;;"LEXD";"SK UVH 10e";"Sarah Knafo pour Paris - Une ville heureuse";1884;"3,19%";"5,26%";;0;8;;;;"LUXD";"RP10";"RETROUVONS PARIS 10";504;"0,85%";"1,41%";;0;;;;;;;;;;;;;;;;;;;;;;;;;;;;;;;;;;;;
"75";"Paris";"75056SR11";"Paris 11eme secteur";98081;60883;"62,07%";37198;"37,93%";59933;"61,11%";"98,44%";445;"0,45%";"0,73%";505;"0,51%";"0,83%";1;;;;"LUG";"L11EAV";"Le 11e est à vous ! avec David Belliard et Emmanuel Grégoire L'union de la gauche et des écologistes";29324;"29,90%";"48,93%";;0;2;;;;"LEXD";"SK - UVH 11";"Sarah Knafo pour Paris - Une ville heureuse";4085;"4,16%";"6,82%";;0;3;;;;"LFI";"NPP 11e";"LE NOUVEAU PARIS POPULAIRE 11e";9113;"9,29%";"15,21%";;0;4;;;;"LUD";"CP 11";"CHANGER PARIS 11 AVEC NELLY GARNIER ET RACHIDA DATI";9116;"9,29%";"15,21%";;0;5;;;;"LDVG";"Equinoxe";"EQUINOXE - LE PARIS DE LA DEMOCRATIE";1265;"1,29%";"2,11%";;0;6;;;;"LUC";"Paris 11 apaisé";"PARIS 11 APAISE AVEC DELPHINE GOATER";6231;"6,35%";"10,40%";;0;7;;;;"LEXG";"LO11E";"Lutte ouvrière - Le camp des travailleurs";799;"0,81%";"1,33%";;0;;;;;;;;;;;;;;;;;;;;;;;;;;;;;;;;;;;;;;;;;;;;;;;;
"75";"Paris";"75056SR12";"Paris 12eme secteur";95621;58859;"61,55%";36762;"38,45%";57830;"60,48%";"98,25%";571;"0,60%";"0,97%";458;"0,48%";"0,78%";1;;;;"LUXD";"RP 12ème";"RETROUVONS PARIS 12ème";1527;"1,60%";"2,64%";;0;2;;;;"LEXG";"LO12E";"Lutte ouvrière - Le camp des travailleurs";844;"0,88%";"1,46%";;0;3;;;;"LUG";"12EAVLC";"Le 12e est à vous ! avec Lucie Castets et Emmanuel Grégoire L'union de la gauche et des écologistes";24204;"25,31%";"41,85%";;0;4;;;;"LUC";"P12A";"Paris 12ème apaisé avec Clara Chassaniol";6903;"7,22%";"11,94%";;0;5;;;;"LUD";"CP12";"CHANGER PARIS 12 AVEC VALÉRIE MONTANDON ET RACHIDA DATI";13022;"13,62%";"22,52%";;0;6;;;;"LEXD";"une ville heureuse 12e";"Sarah Knafo pour Paris - Une ville heureuse";4190;"4,38%";"7,25%";;0;7;;;;"LFI";"NPP 12e";"LE NOUVEAU PARIS POPULAIRE 12e";7140;"7,47%";"12,35%";;0;;;;;;;;;;;;;;;;;;;;;;;;;;;;;;;;;;;;;;;;;;;;;;;;
"75";"Paris";"75056SR13";"Paris 13eme secteur";116196;66800;"57,49%";49396;"42,51%";65748;"56,58%";"98,43%";515;"0,44%";"0,77%";537;"0,46%";"0,80%";1;;;;"LEXG";"LO13E";"Lutte Ouvrière - Le camp des travailleurs";570;"0,49%";"0,87%";;0;2;;;;"LDVG";"C13";"Citoyens du 13e";797;"0,69%";"1,21%";;0;3;;;;"LUD";"CP13";"CHANGER PARIS 13E AVEC RACHIDA DATI ET JEAN-BAPTISTE OLIVIER";9220;"7,93%";"14,02%";;3;4;;;;"LEXD";"SKP - UVH";"Sarah Knafo pour Paris - Une ville heureuse";4253;"3,66%";"6,47%";;1;5;;;;"LEXG";"REVP";"Révolution Permanente : Reprendre Paris 13e aux riches et au grand patronat";1913;"1,65%";"2,91%";;0;6;;;;"LEXG";"NPA";"NPA-Révolutionnaires - PARIS 13, ouvrière et révolutionnaire";422;"0,36%";"0,64%";;0;7;;;;"LUG";"L13EAV";"LE 13e EST À VOUS ! AVEC JÉRÔME COUMET ET EMMANUEL GRÉGOIRE L'UNION DE LA GAUCHE ET DES ÉCOLOGISTES";33872;"29,15%";"51,52%";;35;8;;;;"LFI";"LNPP13E";"LE NOUVEAU PARIS POPULAIRE 13e";8942;"7,70%";"13,60%";;3;9;;;;"LUXD";"RP13E";"RETROUVONS PARIS 13E";1600;"1,38%";"2,43%";;0;10;;;;"LEXG";"cbpcs";"LES COUPES BUDGÉTAIRES À PARIS ÇA SUFFIT !";80;"0,07%";"0,12%";;0;11;;;;"LUC";"P13A";"Paris 13e apaisé avec Pegah Malek-Ahmadi";4079;"3,51%";"6,20%";;1
"75";"Paris";"75056SR14";"Paris 14eme secteur";88579;53633;"60,55%";34946;"39,45%";52643;"59,43%";"98,15%";535;"0,60%";"1,00%";455;"0,51%";"0,85%";1;;;;"LEXG";"LCP14";"Les coupes budgétaires à Paris ça suffit !";95;"0,11%";"0,18%";;0;2;;;;"LUXD";"RP14e";"RETROUVONS PARIS 14EME";2058;"2,32%";"3,91%";;0;3;;;;"LEXD";"SKPPUVH";"Sarah Knafo pour Paris - Une ville heureuse";4093;"4,62%";"7,78%";;0;4;;;;"LFI";"LNPP14";"LE NOUVEAU PARIS POPULAIRE 14e";6800;"7,68%";"12,92%";;0;5;;;;"LEXG";"LO14E";"LUTTE OUVRIÈRE - LE CAMP DES TRAVAILLEURS";671;"0,76%";"1,27%";;0;6;;;;"LUC";"P14AP";"Un 14ème apaisé avec Félix de Vidas";5077;"5,73%";"9,64%";;0;7;;;;"LDVD";"L14CV";"LE 14 C'EST VOUS !";257;"0,29%";"0,49%";;0;8;;;;"LUG";"L14EAV";"Le 14è est à vous ! Avec Carine Petit et Emmanuel Grégoire. L'union de la Gauche et des Ecologistes";22217;"25,08%";"42,20%";;0;9;;;;"LUD";"CP14";"Changer Paris 14e avec Maud Gatel et Rachida Dati";11375;"12,84%";"21,61%";;0;;;;;;;;;;;;;;;;;;;;;;;;
"75";"Paris";"75056SR15";"Paris 15eme secteur";149422;89553;"59,93%";59869;"40,07%";88402;"59,16%";"98,71%";621;"0,42%";"0,69%";530;"0,35%";"0,59%";1;;;;"LUG";"L15EAV";"LE 15e EST À VOUS ! AVEC ANOUCH TORANIAN ET EMMANUEL GRÉGOIRE - L'UNION DE LA GAUCHE ET DES ECOLOGISTES";22091;"14,78%";"24,99%";;0;2;;;;"LEXD";"SK UVH 15e";"Sarah Knafo pour Paris - Une ville heureuse";8565;"5,73%";"9,69%";;0;3;;;;"LUXD";"RP15";"RETROUVONS PARIS 15E";1974;"1,32%";"2,23%";;0;4;;;;"LUD";"CP15";"Changer Paris avec Rachida Dati et Philippe Goujon pour le 15ème";36921;"24,71%";"41,76%";;0;5;;;;"LFI";"NPP15";"LE NOUVEAU PARIS POPULAIRE 15e";7547;"5,05%";"8,54%";;0;6;;;;"LEXG";"LO15E";"Lutte Ouvrière - Le camp des travailleurs";784;"0,52%";"0,89%";;0;7;;;;"LUC";"P15AP";"PARIS 15E APAISÉ AVEC CATHERINE IBLED";10520;"7,04%";"11,90%";;0;;;;;;;;;;;;;;;;;;;;;;;;;;;;;;;;;;;;;;;;;;;;;;;;
"75";"Paris";"75056SR16";"Paris 16eme secteur";102987;61650;"59,86%";41337;"40,14%";61091;"59,32%";"99,09%";307;"0,30%";"0,50%";252;"0,24%";"0,41%";1;;;;"LUC";"P16EA";"PARIS 16EME APAISÉ AVEC EMMANUELLE HOFFMAN";7264;"7,05%";"11,89%";;2;2;;;;"LUXD";"RP 16ème";"RETROUVONS PARIS 16eme";1153;"1,12%";"1,89%";;0;3;;;;"LEXD";"UVH16e";"Sarah Knafo pour Paris - Une ville heureuse";13763;"13,36%";"22,53%";;4;4;;;;"LUD";"CP JR 16";"CHANGER PARIS AVEC JÉRÉMY REDLER POUR LE 16e";30927;"30,03%";"50,62%";;30;5;;;;"LUG";"L16EAV";"Le 16e est à vous ! Avec Geneviève Garrigos et Emmanuel Grégoire. L'Union de la gauche et les écologistes";5929;"5,76%";"9,71%";;2;6;;;;"LFI";"LNPP 16e";"LE NOUVEAU PARIS POPULAIRE 16e";2055;"2,00%";"3,36%";;0;;;;;;;;;;;;;;;;;;;;;;;;;;;;;;;;;;;;;;;;;;;;;;;;;;;;;;;;;;;;
"75";"Paris";"75056SR17";"Paris 17eme secteur";106967;64767;"60,55%";42200;"39,45%";64004;"59,84%";"98,82%";373;"0,35%";"0,58%";390;"0,36%";"0,60%";1;;;;"LFI";"LNPP17";"LE NOUVEAU POPULAIRE 17e";5515;"5,16%";"8,62%";;0;2;;;;"LEXD";"SK UVP 17e";"Sarah Knafo pour Paris - Une ville heureuse";5931;"5,54%";"9,27%";;0;3;;;;"LUC";"PAP";"Paris 17e Apaisé avec Rachel-Flore PARDO";7749;"7,24%";"12,11%";;0;4;;;;"LEXG";"LO17E";"LUTTE OUVRIÈRE - LE CAMP DES TRAVAILLEURS";425;"0,40%";"0,66%";;0;5;;;;"LUD";"CP17";"CHANGER PARIS - LE 17e AU COEUR";30718;"28,72%";"47,99%";;0;6;;;;"LUXD";"RP17e";"RETROUVONS PARIS 17E";1089;"1,02%";"1,70%";;0;7;;;;"LUG";"L17AEV";"LE 17E EST À VOUS ! AVEC KARIM ZIADY ET EMMANUEL GRÉGOIRE L'UNION DE LA GAUCHE ET DES ÉCOLOGISTES";12577;"11,76%";"19,65%";;0;;;;;;;;;;;;;;;;;;;;;;;;;;;;;;;;;;;;;;;;;;;;;;;;
"75";"Paris";"75056SR18";"Paris 18eme secteur";114592;64704;"56,46%";49888;"43,54%";63608;"55,51%";"98,31%";531;"0,46%";"0,82%";565;"0,49%";"0,87%";1;;;;"LDVG";"VS AC 18e";"18e vivant et solidaire avec Aymeric Caron";3186;"2,78%";"5,01%";;0;2;;;;"LUXD";"RP18";"RETROUVONS PARIS 18ÈME";1191;"1,04%";"1,87%";;0;3;;;;"LUD";"CP18";"Changer Paris 18 avecThierry Guerrier et Rachida Dati";9116;"7,96%";"14,33%";;0;4;;;;"LUG";"EAV";"Le 18e est à vous ! Avec Eric Lejoindre et Emmanuel Grégoire. L'union de la gauche et des écologistes";21281;"18,57%";"33,46%";;0;5;;;;"LFI";"LNPP 18e";"LE NOUVEAU PARIS POPULAIRE 18e";12543;"10,95%";"19,72%";;0;6;;;;"LEXD";"SK UVH 18";"Sarah Knafo pour Paris - Une ville heureuse";3364;"2,94%";"5,29%";;0;7;;;;"LEXG";"NPA18";"NPA Révolutionnaires - PARIS 18, Ouvrière et révolutionnaire";703;"0,61%";"1,11%";;0;8;;;;"LEXG";"LO18E";"Lutte Ouvrière - Le camp des travailleurs";531;"0,46%";"0,83%";;0;9;;;;"LUC";"P18AP";"Paris 18ème apaisé avec Samir BELAÏD";8093;"7,06%";"12,72%";;0;10;;;;"LDVG";"L18CN!";"LE 18E C'EST NOUS !";3600;"3,14%";"5,66%";;0;;;;;;;;;;;;
"75";"Paris";"75056SR19";"Paris 19eme secteur";114923;60837;"52,94%";54086;"47,06%";59739;"51,98%";"98,20%";512;"0,45%";"0,84%";586;"0,51%";"0,96%";1;;;;"LEXD";"SK UVH 19e";"Sarah Knafo pour Paris - Une ville heureuse";4856;"4,23%";"8,13%";;0;2;;;;"LUD";"CP 19";"CHANGER PARIS 19 AVEC PIERRE LISCIA ET RACHIDA DATI";7669;"6,67%";"12,84%";;0;3;;;;"LUG";"L19EAV";"Le 19e qu'on aime ! Avec François Dagnaud et Emmanuel Grégoire. L'Union de la gauche et des écologistes";27966;"24,33%";"46,81%";;0;4;;;;"LEXG";"CBPCS";"Les coupes budgétaires à Paris ça suffit !";161;"0,14%";"0,27%";;0;5;;;;"LEXG";"LO19E";"Lutte ouvrière - Le camp des travailleurs";907;"0,79%";"1,52%";;0;6;;;;"LUXD";"RP 19e";"RETROUVONS PARIS19ÈME";1512;"1,32%";"2,53%";;0;7;;;;"LFI";"LNPP19";"LE NOUVEAU PARIS POPULAIRE 19e";13982;"12,17%";"23,41%";;0;8;;;;"LUC";"P1AACD";"PARIS 19ÈME APAISÉ AVEC CHAYMA DRIRA";2686;"2,34%";"4,50%";;0;;;;;;;;;;;;;;;;;;;;;;;;;;;;;;;;;;;;
"75";"Paris";"75056SR20";"Paris 20eme secteur";121887;68956;"56,57%";52931;"43,43%";67621;"55,48%";"98,06%";633;"0,52%";"0,92%";702;"0,58%";"1,02%";1;;;;"LEXD";"UVH 20";"Sarah Knafo pour Paris - Une ville heureuse";3819;"3,13%";"5,65%";;0;2;;;;"LFI";"LNPP 20";"LE NOUVEAU PARIS POPULAIRE 20e";14926;"12,25%";"22,07%";;0;3;;;;"LUXD";"RP20E";"RETROUVONS PARIS 20E";1600;"1,31%";"2,37%";;0;4;;;;"LEXG";"LO20E";"Lutte Ouvrière - Le camp des travailleurs";959;"0,79%";"1,42%";;0;5;;;;"LUG";"L20EAV";"Le 20e est à vous! Avec Eric Pliez et Emmanuel Grégoire L'union de la gauche et des écologistes";31594;"25,92%";"46,72%";;0;6;;;;"LEXG";"NPA20";"NPA Révolutionnaires - Paris 20, ouvrière et révolutionnaire";1162;"0,95%";"1,72%";;0;7;;;;"LUC";"P20A";"PARIS 20 APAISÉ AVEC MOHAMAD GASSAMA";4713;"3,87%";"6,97%";;0;8;;;;"LUD";"CP20";"CHANGER PARIS 20 AVEC FRANÇOIS-MARIE DIDIER ET RACHIDA DATI";8551;"7,02%";"12,65%";;0;9;;;;"LDIV";"L20CN";"LE 20E C' NOUS";297;"0,24%";"0,44%";;0;;;;;;;;;;;;;;;;;;;;;;;;
